timestamp,load_old,load_raw,pressure_raw,load,pressure,,,,multiply load by 1.7 to adjust for area difference (92 instead of 120mm)
2020-02-14 15:53:41:884714,186.2175913,-12769,948,-13.04888951,986.3409695,,,,
2020-02-14 15:53:42:144829,180.8582087,-11682,948,-7.737865693,986.3409695,,,,
2020-02-14 15:53:42:403497,185.5815652,-12640,948,-12.4186024,986.3409695,,,,
2020-02-14 15:53:42:662224,188.8553739,-13304,948,-15.66287087,986.3409695,,,,
2020-02-14 15:53:42:921465,186.508487,-12828.00001,949,-13.3371604,987.6001192,,,,
2020-02-14 15:53:43:180089,182.0710957,-11928.00001,947,-8.939808571,985.0818198,,,,
2020-02-14 15:53:43:439447,187.0705565,-12942,948,-13.89415824,986.3409695,,,,
2020-02-14 15:53:43:698290,186.4887652,-12824,947,-13.31761655,985.0818198,,,,
2020-02-14 15:53:43:955442,123.2608696,-7.05E-06,947,49.33976109,985.0818198,,,,
2020-02-14 15:53:44:214153,185.9858609,-12722.00001,948,-12.81925006,986.3409695,,,,
2020-02-14 15:53:44:472857,185.7097565,-12666,948,-12.54563701,986.3409695,,,,
2020-02-14 15:53:44:732293,183.8164696,-12282.00001,947,-10.66943361,985.0818198,,,,
2020-02-14 15:53:44:990992,182.8994087,-12096,948,-9.760647537,986.3409695,,,,
2020-02-14 15:53:45:249868,175.1734174,-10529,947,-2.104369403,985.0818198,,,,
2020-02-14 15:53:45:508936,173.6844261,-10227,949,-0.62881357,987.6001192,,,,
2020-02-14 15:53:45:767352,158.227513,-7091.999991,948,14.68862871,986.3409695,,,,
2020-02-14 15:53:46:025979,155.7277826,-6584.999998,948,17.16580354,986.3409695,,,,
2020-02-14 15:53:46:284716,147.0798,-4831,949,25.73575366,987.6001192,,,,
2020-02-14 15:53:46:543392,147.42,-4900,947,25.39862336,985.0818198,,,,
2020-02-14 15:53:46:802176,147.2918087,-4874.000001,949,25.52565796,987.6001192,,,,
2020-02-14 15:53:47:061610,144.5652783,-4321.000008,947,28.22758633,985.0818198,,,,
2020-02-14 15:53:47:321205,143.0368435,-4011.000004,947,29.74222976,985.0818198,,,,
2020-02-14 15:53:47:579846,147.9771391,-5012.999994,949,24.84651143,987.6001192,,,,
2020-02-14 15:53:47:838462,124.6463217,-280.9999921,948,47.9668102,986.3409695,,,,
2020-02-14 15:53:48:097183,128.2800522,-1018.000005,947,44.36586758,985.0818198,,,,
2020-02-14 15:53:48:355594,123.2608696,-7.05E-06,948,49.33976109,986.3409695,,,,
2020-02-14 15:53:48:614279,144.890687,-4387.000009,948,27.90511386,986.3409695,,,,
2020-02-14 15:53:48:873032,141.1534174,-3629.000002,949,31.60866133,987.6001192,,,,
2020-02-14 15:53:49:131783,140.5519043,-3506.99999,948,32.20474685,986.3409695,,,,
2020-02-14 15:53:49:391221,137.5344783,-2895.000008,949,35.19494601,987.6001192,,,,
2020-02-14 15:53:49:649826,136.8540783,-2757.000008,948,35.86920663,986.3409695,,,,
2020-02-14 15:53:49:909495,140.4039913,-3476.999999,939,32.35132521,975.0086225,,,,
2020-02-14 15:53:50:168185,149.3428696,-5290.000007,947,23.49310419,985.0818198,,,,
2020-02-14 15:53:50:426609,123.2608696,-7.05E-06,948,49.33976109,986.3409695,,,,
2020-02-14 15:53:50:685463,151.8820435,-5805.000004,949,20.97684177,987.6001192,,,,
2020-02-14 15:53:50:945434,147.4495826,-4905.999998,947,25.36930769,985.0818198,,,,
2020-02-14 15:53:51:204336,138.8213217,-3155.999992,948,33.91971406,986.3409695,,,,
2020-02-14 15:53:51:463084,144.0229304,-4210.999993,951,28.76504052,990.1184185,,,,
2020-02-14 15:53:51:723625,141.5626435,-3712.000004,948,31.20312776,986.3409695,,,,
2020-02-14 15:53:51:983465,145.0681826,-4422.999998,950,27.72921984,988.8592689,,,,
2020-02-14 15:53:52:242233,143.2833652,-4060.999996,948,29.49793247,986.3409695,,,,
2020-02-14 15:53:52:501538,142.6276174,-3928.000002,948,30.14776333,986.3409695,,,,
2020-02-14 15:53:52:760083,147.7059652,-4957.999996,948,25.11523848,986.3409695,,,,
2020-02-14 15:53:53:019443,161.0181391,-7657.999994,947,11.92318299,985.0818198,,,,
2020-02-14 15:53:53:279309,164.1736174,-8298.000002,951,8.7961772,990.1184185,,,,
2020-02-14 15:53:53:535596,123.2608696,-7.05E-06,948,49.33976109,986.3409695,,,,
2020-02-14 15:53:53:794326,163.941887,-8251.000009,948,9.02581665,986.3409695,,,,
2020-02-14 15:53:54:053036,169.0547478,-9287.999995,948,3.959090216,986.3409695,,,,
2020-02-14 15:53:54:312922,171.4903826,-9781.999998,957,1.545432637,997.6733166,,,,
2020-02-14 15:53:54:571624,165.9929478,-8666.999995,947,6.993262982,985.0818198,,,,
2020-02-14 15:53:54:830134,166.0767652,-8683.999996,947,6.910201883,985.0818198,,,,
2020-02-14 15:53:55:089593,165.2928261,-8525.000003,948,7.687067344,986.3409695,,,,
2020-02-14 15:53:55:348253,167.9848435,-9071.000004,947,5.019340556,985.0818198,,,,
2020-02-14 15:53:55:605582,123.2608696,-7.05E-06,948,49.33976109,986.3409695,,,,
2020-02-14 15:53:55:864387,169.7893826,-9436.999998,948,3.231084173,986.3409695,,,,
2020-02-14 15:53:56:123083,171.6678783,-9818.000008,949,1.369538516,987.6001192,,,,
2020-02-14 15:53:56:381814,172.0475217,-9894.999992,948,0.993320714,986.3409695,,,,
2020-02-14 15:53:56:640505,161.2301478,-7700.999995,947,11.71308728,985.0818198,,,,
2020-02-14 15:53:56:899850,168.3496957,-9145.00001,948,4.65778049,986.3409695,,,,
2020-02-14 15:53:57:158482,163.5474522,-8171.000005,926,9.416692386,958.6396767,,,,
2020-02-14 15:53:57:415487,123.2608696,-7.05E-06,935,49.33976109,969.9720238,,,,
2020-02-14 15:53:57:674283,163.863,-8235,940,9.103991837,976.2677721,,,,
2020-02-14 15:53:57:933027,172.8511826,-10058,954,0.196911407,993.8958676,,,,
2020-02-14 15:53:58:191733,163.8728609,-8237.000006,929,9.094219913,962.4171257,,,,
2020-02-14 15:53:58:450267,171.2192087,-9727.000001,983,1.81415968,1030.411208,,,,
2020-02-14 15:53:58:711145,163.2713478,-8114.999995,912,9.69030544,941.0115813,,,,
2020-02-14 15:53:58:969675,163.5326609,-8168.000006,956,9.431350221,996.4141669,,,,
2020-02-14 15:53:59:229647,165.8746174,-8643.000002,928,7.110525663,961.157976,,,,
2020-02-14 15:53:59:488202,165.6133043,-8589.99999,931,7.369480883,964.9354251,,,,
2020-02-14 15:53:59:746933,154.1007391,-6254.999994,975,18.7781659,1020.338011,,,,
2020-02-14 15:54:02:504400,157.7196783,-6989.000008,912,15.19188112,941.0115813,,,,
2020-02-14 15:54:02:763160,166.9050783,-8852.000008,965,6.089362818,1007.746514,,,,
2020-02-14 15:54:03:023002,169.7647304,-9431.999993,909,3.255513931,937.2341322,,,,
2020-02-14 15:54:03:281758,174.5176696,-10396.00001,888,-1.454538547,910.7919891,,,,
2020-02-14 15:54:03:540293,175.6960435,-10635,816,-2.622279743,820.1332126,,,,
2020-02-14 15:54:03:799798,172.8511826,-10058,772,0.196911407,764.7306269,,,,
2020-02-14 15:54:04:058318,177.9541826,-11093,740,-4.860043202,724.4378373,,,,
2020-02-14 15:54:04:315439,123.2608696,-7.05E-06,725,49.33976109,705.5505922,,,,
2020-02-14 15:54:04:574076,175.9080522,-10678.00001,708,-2.832375446,684.1450478,,,,
2020-02-14 15:54:04:832860,177.4907217,-10998.99999,712,-4.400764203,689.1816465,,,,
2020-02-14 15:54:05:092784,174.8529391,-10463.99999,709,-1.786782843,685.4041974,,,,
2020-02-14 15:54:05:351609,175.0649478,-10506.99999,709,-1.996878546,685.4041974,,,,
2020-02-14 15:54:05:611012,173.5611652,-10202,706,-0.506664878,681.6267484,,,,
2020-02-14 15:54:05:869639,175.5629217,-10607.99999,685,-2.490359128,655.1846053,,,,
2020-02-14 15:54:06:128277,176.1742957,-10732.00001,696,-3.096216578,669.0352517,,,,
2020-02-14 15:54:06:385502,123.2608696,-7.05E-06,677,49.33976109,645.1114079,,,,
2020-02-14 15:54:06:644409,176.2433217,-10745.99999,699,-3.164619743,672.8127007,,,,
2020-02-14 15:54:06:903230,174.7641913,-10446,698,-1.698835832,671.553551,,,,
2020-02-14 15:54:07:161881,176.6525478,-10828.99999,690,-3.570153314,661.4803536,,,,
2020-02-14 15:54:07:421976,175.7453478,-10644.99999,699,-2.671139161,672.8127007,,,,
2020-02-14 15:54:07:680529,176.7807391,-10854.99999,692,-3.697187918,663.998653,,,,
2020-02-14 15:54:07:941267,174.7099565,-10435,693,-1.645090404,665.2578027,,,,
2020-02-14 15:54:08:199863,177.4463478,-10989.99999,695,-4.356790697,667.776102,,,,
2020-02-14 15:54:08:458483,177.7175217,-11044.99999,694,-4.625517741,666.5169523,,,,
2020-02-14 15:54:08:715466,123.2608696,-7.05E-06,696,49.33976109,669.0352517,,,,
2020-02-14 15:54:08:974305,174.5916261,-10411,692,-1.527827723,663.998653,,,,
2020-02-14 15:54:09:233011,177.5893304,-11018.99999,701,-4.498483137,675.331,,,,
2020-02-14 15:54:09:492492,176.1200609,-10721.00001,701,-3.042471149,675.331,,,,
2020-02-14 15:54:09:751855,175.0896,-10512,704,-2.021308304,679.1084491,,,,
2020-02-14 15:54:10:010508,176.3320696,-10764.00001,691,-3.252566852,662.7395033,,,,
2020-02-14 15:54:10:269874,179.0783217,-11320.99999,688,-5.97403897,658.9620543,,,,
2020-02-14 15:54:10:528427,176.0510348,-10707,689,-2.974067886,660.221204,,,,
2020-02-14 15:54:10:788545,175.3706348,-10569,696,-2.299807271,669.0352517,,,,
2020-02-14 15:54:11:045426,123.2608696,-7.05E-06,664,49.33976109,628.7424621,,,,
2020-02-14 15:54:11:304092,-190.7437304,63686.99999,696,360.5110347,669.0352517,,,,
2020-02-14 15:54:11:562774,-861.6132,199754,690,1025.327115,661.4803536,,,,
2020-02-14 15:54:11:822727,-1471.981304,323549.9999,680,1630.187745,648.8888569,,,,
2020-02-14 15:54:12:081411,-2118.745878,454727.9999,677,2271.116433,645.1114079,,,,
2020-02-14 15:54:12:340035,-2355.396887,502726,682,2505.632093,651.4071562,,,,
2020-02-14 15:54:12:599340,-2653.954435,563280,673,2801.495696,640.0748092,,,,
2020-02-14 15:54:12:855625,123.2608696,-7.05E-06,668,49.33976109,633.7790608,,,,
2020-02-14 15:54:13:114319,-3203.111191,674660.9999,680,3345.697301,648.8888569,,,,
2020-02-14 15:54:13:373034,-3391.734835,712918,663,3532.618956,627.4833124,,,,
2020-02-14 15:54:13:631788,-3659.560983,767239.0001,673,3798.028455,640.0748092,,,,
2020-02-14 15:54:13:890363,-3914.060165,818857,645,4050.23124,604.8186183,,,,
2020-02-14 15:54:14:148064,123.2608696,-7.05E-06,675,49.33976109,642.5931085,,,,
2020-02-14 15:54:14:406865,-4731.718539,984696,665,4860.511719,630.0016118,,,,
2020-02-14 15:54:15:479297,-4838.5512,1006364,669,4966.380407,635.0382105,,,,
2020-02-14 15:54:15:735501,123.2608696,-7.05E-06,665,49.33976109,630.0016118,,,,
2020-02-14 15:54:15:994241,-1747.089704,379347.9999,673,1902.813787,640.0748092,,,,
2020-02-14 15:54:16:252902,-180.9321652,61697,690,350.7880012,661.4803536,,,,
2020-02-14 15:54:16:512314,161.7281217,-7801.999992,694,11.2196067,666.5169523,,,,
2020-02-14 15:54:16:771619,175.6072957,-10617.00001,687,-2.534332732,657.7029046,,,,
2020-02-14 15:54:17:030241,176.4356087,-10785,698,-3.355171698,671.553551,,,,
2020-02-14 15:54:17:289655,177.3822522,-10977.00001,700,-4.293273445,674.0718504,,,,
2020-02-14 15:54:17:548303,174.828287,-10459.00001,704,-1.762353184,679.1084491,,,,
2020-02-14 15:54:17:806956,176.8103217,-10860.99999,695,-3.726503588,667.776102,,,,
2020-02-14 15:54:21:839598,178.1464696,-11132.00001,666,-5.050595158,631.2607615,,,,
2020-02-14 15:54:22:098234,177.8851565,-11079,681,-4.791639938,650.1480066,,,,
2020-02-14 15:54:22:356628,123.2608696,-7.05E-06,690,49.33976109,661.4803536,,,,
2020-02-14 15:54:22:615336,178.2795913,-11159,690,-5.182515674,661.4803536,,,,
2020-02-14 15:54:22:874134,178.0232087,-11107,699,-4.928446466,672.8127007,,,,
2020-02-14 15:54:23:132895,176.7807391,-10854.99999,688,-3.697187918,658.9620543,,,,
2020-02-14 15:54:23:392250,178.3338261,-11170,690,-5.236261103,661.4803536,,,,
2020-02-14 15:54:23:650975,177.6928696,-11040.00001,697,-4.601088082,670.2944013,,,,
2020-02-14 15:54:23:910806,178.6000696,-11224.00001,692,-5.500102234,663.998653,,,,
2020-02-14 15:54:24:169419,177.3082957,-10962.00001,687,-4.219984269,657.7029046,,,,
2020-02-14 15:54:24:428123,178.2845217,-11159.99999,697,-5.187401586,670.2944013,,,,
2020-02-14 15:54:24:685462,123.2608696,-7.05E-06,679,49.33976109,647.6297072,,,,
2020-02-14 15:54:24:944436,177.890087,-11080.00001,690,-4.79652595,661.4803536,,,,
2020-02-14 15:54:25:203377,177.8062696,-11063.00001,692,-4.713464851,663.998653,,,,
2020-02-14 15:54:25:463290,178.6740261,-11239,673,-5.57339141,640.0748092,,,,
2020-02-14 15:54:25:722021,179.0684609,-11319.00001,663,-5.964267146,627.4833124,,,,
2020-02-14 15:54:25:980536,178.5556957,-11215.00001,686,-5.456128729,656.4437549,,,,
2020-02-14 15:54:26:241272,179.1177652,-11329,684,-6.013126563,653.9254556,,,,
2020-02-14 15:54:26:500590,178.8712435,-11279,665,-5.768829278,630.0016118,,,,
2020-02-14 15:54:26:759938,178.2697304,-11156.99999,675,-5.172743751,642.5931085,,,,
2020-02-14 15:54:27:018500,175.0945304,-10512.99999,689,-2.026194216,660.221204,,,,
2020-02-14 15:54:27:275558,123.2608696,-7.05E-06,689,49.33976109,660.221204,,,,
2020-02-14 15:54:27:789837,178.5310435,-11210,695,-5.431698971,667.776102,,,,
2020-02-14 15:54:28:048375,177.1948957,-10939.00001,681,-4.1076075,650.1480066,,,,
2020-02-14 15:54:28:307105,177.845713,-11070.99999,695,-4.752552345,667.776102,,,,
2020-02-14 15:54:28:565833,177.959113,-11093.99999,662,-4.864929114,626.2241628,,,,
2020-02-14 15:54:28:824840,178.8219391,-11268.99999,696,-5.719969762,669.0352517,,,,
2020-02-14 15:54:29:085455,180.1630174,-11541,697,-7.048947244,670.2944013,,,,
2020-02-14 15:54:29:344232,179.9707304,-11501.99999,696,-6.858395288,669.0352517,,,,
2020-02-14 15:54:29:609742,177.3576,-10972,680,-4.268843686,648.8888569,,,,
2020-02-14 15:54:29:868303,178.9254783,-11290.00001,678,-5.822574707,646.3705575,,,,
2020-02-14 15:54:30:127044,178.0133478,-11104.99999,694,-4.918674543,666.5169523,,,,
2020-02-14 15:54:30:385674,198.9874174,-15359,663,-25.70349091,627.4833124,,,,
2020-02-14 15:54:30:644585,304.740313,-36807.99999,678,-130.502157,646.3705575,,,,
2020-02-14 15:54:30:903305,374.1213913,-50880,698,-199.2571959,671.553551,,,,
2020-02-14 15:54:31:163268,483.1431652,-72992,699,-307.2952445,672.8127007,,,,
2020-02-14 15:54:31:421953,824.2405043,-142174,698,-645.3147941,671.553551,,,,
2020-02-14 15:54:31:682004,965.5862087,-170842,699,-785.3851079,672.8127007,,,,
2020-02-14 15:54:31:943832,2128.158078,-406636.9999,711,-1937.466858,687.9224968,,,,
2020-02-14 15:54:32:202644,3152.169939,-614329,680,-2952.238855,648.8888569,,,,
2020-02-14 15:54:32:462334,3789.132809,-743519.0001,692,-3583.454282,663.998653,,,,
2020-02-14 15:54:32:723317,4315.062287,-850189,710,-4104.638193,686.6633471,,,,
2020-02-14 15:54:32:982079,4713.850643,-931071.9999,733,-4499.828202,715.6237896,,,,
2020-02-14 15:54:33:240652,5180.856496,-1025791,975,-4962.620168,1020.338011,,,,
2020-02-14 15:54:33:500051,679.2364174,-112764,920,-501.6191081,951.0847787,,,,
2020-02-14 15:54:33:759349,278.6238,-31511,965,-104.6212985,1007.746514,,,,
2020-02-14 15:54:34:015630,123.2608696,-7.05E-06,917,49.33976109,947.3073296,,,,
2020-02-14 15:54:34:274497,123.5764174,-64.00000176,960,49.02706054,1001.450766,,,,
2020-02-14 15:54:34:533208,-121.9986783,49744.00001,920,292.386283,951.0847787,,,,
2020-02-14 15:54:34:791863,-310.8195391,88040.99999,936,479.5033754,971.2311734,,,,
2020-02-14 15:54:35:050452,-279.9451565,81779,972,448.9075785,1016.560562,,,,
2020-02-14 15:54:35:309850,-287.3654609,83284.00001,923,456.260928,954.8622277,,,,
2020-02-14 15:54:35:568420,-294.8547913,84803,957,463.6826807,997.6733166,,,,
2020-02-14 15:54:35:827176,-287.1238696,83235.00001,925,456.0215166,957.380527,,,,
2020-02-14 15:54:36:085878,-284.9988522,82804.00001,928,453.9156737,961.157976,,,,
2020-02-14 15:54:36:344693,-279.3140609,81651.00001,957,448.2821774,997.6733166,,,,
2020-02-14 15:54:36:603421,-281.7546261,82146,926,450.7007209,958.6396767,,,,
2020-02-14 15:54:36:862184,11.2413913,22720,958,160.3484652,998.9324663,,,,
2020-02-14 15:54:37:121601,219.5276087,-19525,978,-46.05834396,1024.11546,,,,
2020-02-14 15:54:37:380233,315.3210261,-38954,916,-140.9873982,946.04818,,,,
2020-02-14 15:54:37:639679,331.8774261,-42312,957,-157.3944065,997.6733166,,,,
2020-02-14 15:54:37:898334,244.3030435,-24550,928,-70.61022505,961.157976,,,,
2020-02-14 15:54:38:155409,123.2608696,-7.05E-06,948,49.33976109,986.3409695,,,,
2020-02-14 15:54:38:414240,283.8796435,-32577,972,-109.8297175,1016.560562,,,,
2020-02-14 15:54:38:672984,348.2366087,-45630,914,-173.6059769,943.5298806,,,,
2020-02-14 15:54:38:932992,321.4396957,-40195.00001,959,-147.0508578,1000.191616,,,,
2020-02-14 15:54:39:191657,287.4049043,-33291.99999,943,-113.3231691,980.0452212,,,,
2020-02-14 15:54:39:450310,293.3953826,-34507,930,-119.2595941,963.6762754,,,,
2020-02-14 15:54:39:709765,258.2068696,-27370.00001,929,-84.38859414,962.4171257,,,,
2020-02-14 15:54:39:969600,190.7535913,-13689,825,-17.54396028,831.4655596,,,,
2020-02-14 15:54:40:228150,120.3913565,582.0000044,771,52.183382,763.4714772,,,,
2020-02-14 15:54:40:485447,123.2608696,-7.05E-06,717,49.33976109,695.4773948,,,,
2020-02-14 15:54:40:744080,167.9059565,-9054.999996,691,5.097515742,662.7395033,,,,
2020-02-14 15:54:41:002890,175.8094435,-10658,664,-2.734656512,628.7424621,,,,
2020-02-14 15:54:41:262257,177.4857913,-10998,655,-4.395878291,617.410115,,,,
2020-02-14 15:54:41:521055,177.0568435,-10911,655,-3.970800973,617.410115,,,,
2020-02-14 15:54:41:782689,177.8013391,-11061.99999,656,-4.70857884,618.6692647,,,,
2020-02-14 15:54:42:041494,174.8775913,-10469,662,-1.811212601,626.2241628,,,,
2020-02-14 15:54:42:301590,177.8999478,-11081.99999,672,-4.806297774,638.8156595,,,,
2020-02-14 15:54:42:560167,177.6534261,-11032,669,-4.562000488,635.0382105,,,,
2020-02-14 15:54:42:819570,176.3863043,-10774.99999,675,-3.306312182,642.5931085,,,,
2020-02-14 15:54:43:078568,176.8596261,-10871,672,-3.775363105,638.8156595,,,,
2020-02-14 15:54:43:337494,178.6690957,-11238.00001,666,-5.568505498,631.2607615,,,,
2020-02-14 15:54:43:595351,123.2608696,-7.05E-06,642,49.33976109,601.0411693,,,,
2020-02-14 15:54:43:855285,173.6301913,-10216,646,-0.575068141,606.077768,,,,
2020-02-14 15:54:44:114164,179.3889391,-11383.99999,653,-6.281853607,614.8918157,,,,
2020-02-14 15:54:44:372949,177.3132261,-10963,649,-4.224870181,609.855217,,,,
2020-02-14 15:54:44:632298,174.3796174,-10368,656,-1.31773202,618.6692647,,,,
2020-02-14 15:54:44:892240,169.4393217,-9365.999992,649,3.577986403,609.855217,,,,
2020-02-14 15:54:45:151847,169.0153043,-9279.99999,659,3.99817781,622.4467137,,,,
2020-02-14 15:54:45:410473,132.4364087,-1861.000001,679,40.24701471,647.6297072,,,,
2020-02-14 15:54:45:669929,-410.7841043,108316,677,578.5659403,645.1114079,,,,
2020-02-14 15:54:45:928555,-1456.297591,320368.9999,669,1614.64555,635.0382105,,,,
2020-02-14 15:54:46:188075,123.2608696,-7.05E-06,647,49.33976109,607.3369176,,,,
2020-02-14 15:54:46:445508,123.2608696,-7.05E-06,629,49.33976109,584.6722235,,,,
2020-02-14 15:54:46:704241,-3601.090957,755380.0001,642,3740.086016,601.0411693,,,,
2020-02-14 15:54:46:962969,-4228.952243,882723.9999,654,4362.281984,616.1509654,,,,
2020-02-14 15:54:47:222966,-4822.132852,1003034,649,4950.110205,609.855217,,,,
2020-02-14 15:54:47:481729,-5553.010643,1151272,647,5674.39314,607.3369176,,,,
2020-02-14 15:54:47:740278,-6319.604504,1306754,639,6434.069871,597.2637203,,,,
2020-02-14 15:54:47:999776,-7419.130904,1529762,636,7523.675024,593.4862712,,,,
2020-02-14 15:54:48:258381,-7442.358183,1534473,638,7546.692719,596.0045706,,,,
2020-02-14 15:54:48:517133,-7215.849078,1488532,640,7322.227451,598.5228699,,,,
2020-02-14 15:54:48:775538,123.2608696,-7.05E-06,632,49.33976109,588.4496725,,,,
2020-02-14 15:54:49:034166,-6996.124252,1443967,631,7104.485246,587.1905229,,,,
2020-02-14 15:54:49:292859,-7049.930087,1454880,638,7157.80558,596.0045706,,,,
2020-02-14 15:54:49:551565,-6970.92973,1438857,642,7079.518059,601.0411693,,,,
2020-02-14 15:54:49:811111,-7064.529104,1457841,640,7172.272867,598.5228699,,,,
2020-02-14 15:54:50:070335,-6098.918243,1261994,638,6215.374906,596.0045706,,,,
2020-02-14 15:54:50:329791,-3724.889243,780488.9999,642,3862.767245,601.0411693,,,,
2020-02-14 15:54:50:588304,-872.7855652,202020,663,1036.39867,627.4833124,,,,
2020-02-14 15:54:50:847147,-195.9453391,64741.99999,673,365.6657083,640.0748092,,,,
2020-02-14 15:54:51:106024,132.6139043,-1896.99999,679,40.07112069,647.6297072,,,,
2020-02-14 15:54:51:364766,176.9878174,-10897,683,-3.902397709,652.6663059,,,,
2020-02-14 15:54:51:623415,178.7726348,-11259,682,-5.671110344,651.4071562,,,,
2020-02-14 15:54:51:882193,177.4118348,-10983,681,-4.322589115,650.1480066,,,,
2020-02-14 15:54:52:142805,177.0075391,-10900.99999,671,-3.921941456,637.5565098,,,,
2020-02-14 15:54:52:401614,123.2608696,-7.05E-06,675,49.33976109,642.5931085,,,,
2020-02-14 15:54:52:660189,175.9918696,-10695.00001,681,-2.915436545,650.1480066,,,,
2020-02-14 15:54:52:919583,171.8503043,-9854.99999,678,1.188758582,646.3705575,,,,
2020-02-14 15:54:53:178296,167.1811826,-8907.999998,677,5.815749862,645.1114079,,,,
2020-02-14 15:54:53:436990,202.6556609,-16103.00001,676,-29.33863512,643.8522582,,,,
2020-02-14 15:54:53:696924,424.9295217,-61184.99999,678,-249.6068744,646.3705575,,,,
2020-02-14 15:54:56:767564,743.5884522,-125816,686,-565.3904816,656.4437549,,,,
2020-02-14 15:54:57:026205,211.5008609,-17897.00001,681,-38.10402311,650.1480066,,,,
2020-02-14 15:54:57:284945,198.2034783,-15200.00001,680,-24.92662545,648.8888569,,,,
2020-02-14 15:54:57:543598,192.6715304,-14077.99999,679,-19.44459343,647.6297072,,,,
2020-02-14 15:54:57:802469,709.0310348,-118807,680,-531.1448827,648.8888569,,,,
2020-02-14 15:54:58:061930,2196.834104,-420565.9999,690,-2005.523207,661.4803536,,,,
2020-02-14 15:54:58:320576,3393.223826,-663220,702,-3191.117665,676.5901497,,,,
2020-02-14 15:54:58:579929,3974.7834,-781173,718,-3767.429711,696.7365445,,,,
2020-02-14 15:54:58:838587,4222.059496,-831326.0001,730,-4012.474585,711.8463406,,,,
2020-02-14 15:54:59:097658,4389.117417,-865208.9999,738,-4178.025109,721.919538,,,,
2020-02-14 15:54:59:355219,123.2608696,-7.05E-06,970,49.33976109,1014.042262,,,,
2020-02-14 15:54:59:613617,332.3211652,-42402,912,-157.8341416,941.0115813,,,,
2020-02-14 15:54:59:873561,520.3334348,-80535,957,-344.1499389,997.6733166,,,,
2020-02-14 15:55:00:133629,386.8320522,-53458.00001,982,-211.853166,1029.152058,,,,
2020-02-14 15:55:00:392395,200.6637652,-15699,913,-27.36471269,942.2707309,,,,
2020-02-14 15:55:00:650572,166.9149391,-8853.999994,958,6.079590994,998.9324663,,,,
2020-02-14 15:55:00:908994,62.74964348,12273,920,109.3049823,951.0847787,,,,
2020-02-14 15:55:01:166751,123.2608696,-7.05E-06,975,49.33976109,1020.338011,,,,
2020-02-14 15:55:01:425431,72.63516522,10268,975,99.5086596,1020.338011,,,,
2020-02-14 15:55:01:684005,89.66981739,6813,917,82.62771451,947.3073296,,,,
2020-02-14 15:55:01:942768,112.3251652,2218.000004,956,60.17679044,996.4141669,,,,
2020-02-14 15:55:02:202234,164.5631217,-8376.999992,982,8.410187475,1029.152058,,,,
2020-02-14 15:55:02:461632,184.7828348,-12478,924,-11.62707911,956.1213773,,,,
2020-02-14 15:55:02:722808,192.5581304,-14054.99999,940,-19.33221666,976.2677721,,,,
2020-02-14 15:55:02:982828,195.1170261,-14574,956,-21.86802293,996.4141669,,,,
2020-02-14 15:55:03:242296,277.6032,-31304,978,-103.6099076,1024.11546,,,,
2020-02-14 15:55:03:501716,263.349313,-28412.99999,919,-89.48463625,949.825629,,,,
2020-02-14 15:55:03:761214,237.2722435,-23124,935,-63.64286536,969.9720238,,,,
2020-02-14 15:55:04:019739,207.9608087,-17179,957,-34.59591351,997.6733166,,,,
2020-02-14 15:55:04:279573,202.7098957,-16114.00001,924,-29.39238055,956.1213773,,,,
2020-02-14 15:55:04:538253,198.030913,-15164.99999,928,-24.75561724,961.157976,,,,
2020-02-14 15:55:04:795460,123.2608696,-7.05E-06,983,49.33976109,1030.411208,,,,
2020-02-14 15:55:05:312812,181.6421478,-11840.99999,927,-8.514731154,959.8988264,,,,
2020-02-14 15:55:05:571524,175.2325826,-10541,779,-2.163000744,773.5446746,,,,
2020-02-14 15:55:05:830999,175.9918696,-10695.00001,708,-2.915436545,684.1450478,,,,
2020-02-14 15:55:06:089561,175.395287,-10574.00001,659,-2.324237029,622.4467137,,,,
2020-02-14 15:55:06:348392,174.783913,-10449.99999,602,-1.718379579,550.6751823,,,,
2020-02-14 15:55:06:615472,123.2608696,-7.05E-06,583,49.33976109,526.7513385,,,,
2020-02-14 15:55:07:129868,173.1124957,-10111.00001,551,-0.062043812,486.4585489,,,,
2020-02-14 15:55:07:388383,176.5884522,-10816.00001,534,-3.506636061,465.0530045,,,,
2020-02-14 15:55:07:647117,176.8793478,-10874.99999,526,-3.794906852,454.9798071,,,,
2020-02-14 15:55:11:465521,174.3598957,-10364.00001,498,-1.298188272,419.7236162,,,,
2020-02-14 15:55:11:724185,178.1415391,-11130.99999,499,-5.045709147,420.9827659,,,,
2020-02-14 15:55:11:982911,177.6287739,-11027,504,-4.53757073,427.2785143,,,,
2020-02-14 15:55:12:241833,175.962287,-10689.00001,514,-2.886120875,439.870011,,,,
2020-02-14 15:55:12:501280,176.2975565,-10757,515,-3.218365171,441.1291607,,,,
2020-02-14 15:55:12:759824,177.3723913,-10975,512,-4.283501522,437.3517117,,,,
2020-02-14 15:55:13:018436,177.2146174,-10943,510,-4.127151247,434.8334123,,,,
2020-02-14 15:55:13:275389,123.2608696,-7.05E-06,519,49.33976109,446.1657594,,,,
2020-02-14 15:55:13:534081,176.6131043,-10820.99999,516,-3.53106572,442.3883104,,,,
2020-02-14 15:55:13:793925,177.323087,-10965.00001,509,-4.234642104,433.5742626,,,,
2020-02-14 15:55:14:052727,175.8587478,-10667.99999,516,-2.78351593,442.3883104,,,,
2020-02-14 15:55:14:312186,178.3190348,-11167,509,-5.221603268,433.5742626,,,,
2020-02-14 15:55:14:571686,177.732313,-11047.99999,509,-4.640175576,433.5742626,,,,
2020-02-14 15:55:14:831129,177.8506435,-11072,518,-4.757438356,444.9066097,,,,
2020-02-14 15:55:15:090634,178.3486174,-11173,512,-5.250918938,437.3517117,,,,
2020-02-14 15:55:15:349928,176.8300435,-10865,509,-3.746047434,433.5742626,,,,
2020-02-14 15:55:15:608512,174.9959217,-10492.99999,512,-1.928475282,437.3517117,,,,
2020-02-14 15:55:15:865584,123.2608696,-7.05E-06,510,49.33976109,434.8334123,,,,
2020-02-14 15:55:16:124312,176.9730261,-10894,508,-3.887739874,432.315113,,,,
2020-02-14 15:55:16:383045,177.8950174,-11081,510,-4.801411862,434.8334123,,,,
2020-02-14 15:55:16:641938,177.3378783,-10968.00001,514,-4.249299939,439.870011,,,,
2020-02-14 15:55:16:901403,174.714887,-10436.00001,513,-1.649976415,438.6108613,,,,
2020-02-14 15:55:17:161453,179.0635304,-11317.99999,516,-5.959381135,442.3883104,,,,
2020-02-14 15:55:17:420063,182.3422696,-11983.00001,507,-9.208535615,431.0559633,,,,
2020-02-14 15:55:17:679367,186.6514696,-12857.00001,495,-13.47885284,415.9461672,,,,
2020-02-14 15:55:17:935624,123.2608696,-7.05E-06,516,49.33976109,442.3883104,,,,
2020-02-14 15:55:18:194520,218.8521391,-19387.99999,511,-45.38896925,436.092562,,,,
2020-02-14 15:55:18:453187,232.2185478,-22098.99999,502,-58.63477017,424.7602149,,,,
2020-02-14 15:55:18:711902,733.890287,-123849,494,-555.7798248,414.6870175,,,,
2020-02-14 15:55:18:970498,2147.012061,-410461,496,-1956.150718,417.2053169,,,,
2020-02-14 15:55:19:229942,3629.993165,-711242,521,-3425.750587,448.6840587,,,,
2020-02-14 15:55:19:488548,4556.944487,-899248,526,-4344.337842,454.9798071,,,,
2020-02-14 15:55:19:747242,5295.21793,-1048986,532,-5075.949695,462.5347051,,,,
2020-02-14 15:55:20:005547,123.2608696,-7.05E-06,537,49.33976109,468.8304535,,,,
2020-02-14 15:55:20:264365,6121.041104,-1216481,539,-5894.321302,471.3487529,,,,
2020-02-14 15:55:20:523081,6608.932278,-1315436,539,-6377.810136,471.3487529,,,,
2020-02-14 15:55:20:781798,6913.874739,-1377285,540,-6680.00104,472.6079025,,,,
2020-02-14 15:55:21:040493,7290.678287,-1453709,541,-7053.404614,473.8670522,,,,
2020-02-14 15:55:21:303178,7612.359574,-1518953,553,-7372.183307,488.9768483,,,,
2020-02-14 15:55:21:562021,8228.200461,-1643859,557,-7982.467338,494.013447,,,,
2020-02-14 15:55:21:821418,8615.081817,-1722327,567,-8365.857786,506.6049437,,,,
2020-02-14 15:55:22:081624,8781.030391,-1755985,566,-8530.308973,505.3457941,,,,
2020-02-14 15:55:22:340220,8848.3752,-1769644,569,-8597.046116,509.1232431,,,,
2020-02-14 15:55:22:599666,8857.994478,-1771595,572,-8606.578598,512.9006921,,,,
2020-02-14 15:55:22:858366,8838.933417,-1767729,576,-8587.689528,517.9372908,,,,
2020-02-14 15:55:23:116800,123.2608696,-7.05E-06,590,49.33976109,535.5653862,,,,
2020-02-14 15:55:23:375504,9175.627878,-1836018,589,-8921.345928,534.3062366,,,,
2020-02-14 15:55:23:634515,9533.799313,-1908663,594,-9276.28551,540.6019849,,,,
2020-02-14 15:55:23:893547,9560.260957,-1914030,598,-9302.508385,545.6385836,,,,
2020-02-14 15:55:24:152958,9997.753226,-2002763,605,-9736.053074,554.4526313,,,,
2020-02-14 15:55:24:411774,10366.08136,-2077468.001,615,-10101.05771,567.0441281,,,,
2020-02-14 15:55:24:670365,3493.62227,-683583.0001,925,-3290.610194,957.380527,,,,
2020-02-14 15:55:24:930142,72.38371304,10319,933,99.75784288,967.4537244,,,,
2020-02-14 15:55:25:194037,250.5696261,-25821,939,-76.82026302,975.0086225,,,,
2020-02-14 15:55:25:452989,178.1908435,-11141,982,-5.094568664,1029.152058,,,,
2020-02-14 15:55:25:713834,155.210087,-6480.000009,926,17.67882787,958.6396767,,,,
2020-02-14 15:55:25:972624,237.3264783,-23135.00001,933,-63.69661079,967.4537244,,,,
2020-02-14 15:55:26:233297,239.8903043,-23654.99999,956,-66.23730288,996.4141669,,,,
2020-02-14 15:55:26:492037,152.4687652,-5923.999996,921,20.39541418,952.3439283,,,,
2020-02-14 15:55:26:752921,137.3569826,-2858.999998,929,35.37084014,962.4171257,,,,
2020-02-14 15:55:27:012972,159.0410348,-7257.000004,959,13.88244748,1000.191616,,,,
2020-02-14 15:55:27:271634,159.3812348,-7326.000004,978,13.54531717,1024.11546,,,,
2020-02-14 15:55:27:531887,137.3224696,-2852.000007,923,35.40504172,954.8622277,,,,
2020-02-14 15:55:27:790433,138.5994522,-3111.000005,931,34.13958159,964.9354251,,,,
2020-02-14 15:55:28:049974,143.9046,-4187,964,28.8823032,1006.487364,,,,
2020-02-14 15:55:28:308653,136.5286696,-2691.000007,927,36.1916791,959.8988264,,,,
2020-02-14 15:55:28:567392,127.200287,-799.0000088,928,45.43588984,961.157976,,,,
2020-02-14 15:55:28:826161,139.5066522,-3295.000005,958,33.24056743,998.9324663,,,,
2020-02-14 15:55:29:085045,-50.61091304,35265,926,221.6426638,958.6396767,,,,
2020-02-14 15:55:29:346785,123.2608696,-7.05E-06,852,49.33976109,865.4626008,,,,
2020-02-14 15:55:29:605460,-865.2469304,200491,765,1028.928057,755.9165792,,,,
2020-02-14 15:55:29:864234,-831.0149217,193548,703,995.0049309,677.8492994,,,,
2020-02-14 15:55:30:122897,-772.175113,181614,675,936.6960456,642.5931085,,,,
2020-02-14 15:55:30:381609,-642.0412174,155220,658,807.7363742,621.1875641,,,,
2020-02-14 15:55:30:640974,-19.77597391,29011,661,191.0859545,624.9650131,,,,
2020-02-14 15:55:30:899586,194.2048957,-14389.00001,650,-20.96412286,611.1143667,,,,
2020-02-14 15:55:31:158303,193.4751913,-14241,644,-20.24100273,603.5594686,,,,
2020-02-14 15:55:31:415687,123.2608696,-7.05E-06,653,49.33976109,614.8918157,,,,
2020-02-14 15:55:31:674419,179.5072696,-11408.00001,652,-6.399116387,613.632666,,,,
2020-02-14 15:55:31:933091,176.8300435,-10865,645,-3.746047434,604.8186183,,,,
2020-02-14 15:55:32:191872,175.7897217,-10653.99999,641,-2.715112666,599.7820196,,,,
2020-02-14 15:55:32:451330,179.1276261,-11331,647,-6.022898487,607.3369176,,,,
2020-02-14 15:55:32:710624,178.7824957,-11261.00001,633,-5.680882267,589.7088222,,,,
2020-02-14 15:55:32:970065,176.337,-10765,640,-3.257452764,598.5228699,,,,
2020-02-14 15:55:33:229437,177.5153739,-11004,651,-4.425193961,612.3735163,,,,
2020-02-14 15:55:33:488234,177.5991913,-11021,651,-4.50825506,612.3735163,,,,
2020-02-14 15:55:33:746982,176.0904783,-10715.00001,650,-3.013155479,611.1143667,,,,
2020-02-14 15:55:37:237661,177.3822522,-10977.00001,636,-4.293273445,593.4862712,,,,
2020-02-14 15:55:37:496505,178.0478609,-11112.00001,637,-4.952876224,594.7454209,,,,
2020-02-14 15:55:37:755188,177.5794696,-11017.00001,635,-4.488711313,592.2271216,,,,
2020-02-14 15:55:38:013964,173.2357565,-10136,638,-0.184192405,596.0045706,,,,
2020-02-14 15:55:38:272674,177.1801043,-10935.99999,639,-4.092949566,597.2637203,,,,
2020-02-14 15:55:38:532106,176.6180348,-10822,643,-3.535951731,602.300319,,,,
2020-02-14 15:55:38:791523,177.5301652,-11007,643,-4.439851796,602.300319,,,,
2020-02-14 15:55:39:050065,177.9393913,-11090,637,-4.845385367,594.7454209,,,,
2020-02-14 15:55:39:309451,178.8712435,-11279,638,-5.768829278,596.0045706,,,,
2020-02-14 15:55:39:568050,177.8309217,-11067.99999,639,-4.73789451,597.2637203,,,,
2020-02-14 15:55:39:825662,123.2608696,-7.05E-06,638,49.33976109,596.0045706,,,,
2020-02-14 15:55:40:084345,178.7282609,-11250.00001,635,-5.627136839,592.2271216,,,,
2020-02-14 15:55:40:343107,177.7125913,-11044,636,-4.620631829,593.4862712,,,,
2020-02-14 15:55:40:601761,176.3665826,-10771,638,-3.286768435,596.0045706,,,,
2020-02-14 15:55:40:860356,175.7897217,-10653.99999,639,-2.715112666,597.2637203,,,,
2020-02-14 15:55:41:119748,176.1102,-10719,645,-3.032699226,604.8186183,,,,
2020-02-14 15:55:41:378376,177.2935043,-10958.99999,644,-4.205326335,603.5594686,,,,
2020-02-14 15:55:41:637026,177.6534261,-11032,643,-4.562000488,602.300319,,,,
2020-02-14 15:55:45:989680,179.093113,-11323.99999,698,-5.988696805,671.553551,,,,
2020-02-14 15:55:46:248364,3051.381991,-593886.9999,677,-2852.360337,645.1114079,,,,
2020-02-14 15:55:46:508360,175.9376348,-10684,671,-2.861691117,637.5565098,,,,
2020-02-14 15:55:46:765504,123.2608696,-7.05E-06,657,49.33976109,619.9284144,,,,
2020-02-14 15:55:47:024221,2232.269139,-427753,667,-2040.638505,632.5199111,,,,
2020-02-14 15:55:47:283080,4066.361296,-799747.0001,691,-3858.181281,662.7395033,,,,
2020-02-14 15:55:47:541875,5128.889713,-1015251,783,-4911.122291,778.5812733,,,,
2020-02-14 15:55:47:800504,3538.015904,-692586.9999,926,-3334.603255,958.6396767,,,,
2020-02-14 15:55:48:059974,305.6524435,-36993,927,-131.4060571,959.8988264,,,,
2020-02-14 15:55:48:318653,752.7738522,-127679,957,-574.4929999,997.6733166,,,,
2020-02-14 15:55:48:575502,123.2608696,-7.05E-06,925,49.33976109,957.380527,,,,
2020-02-14 15:55:48:834399,699.9590348,-116967,934,-522.1547411,968.7128741,,,,
2020-02-14 15:55:49:093090,519.337487,-80333.00001,956,-343.1629777,996.4141669,,,,
2020-02-14 15:55:49:351825,397.3042957,-55582.00001,925,-222.2309163,957.380527,,,,
2020-02-14 15:55:49:610464,373.6283478,-50779.99999,932,-198.7686012,966.1945747,,,,
2020-02-14 15:55:49:869967,362.9539565,-48615,963,-188.1905271,1005.228215,,,,
2020-02-14 15:55:50:128355,414.4375565,-59057,926,-239.2095803,958.6396767,,,,
2020-02-14 15:55:50:386812,123.2608696,-7.05E-06,930,49.33976109,963.6762754,,,,
2020-02-14 15:55:50:645577,269.2855565,-29617,960,-95.36731583,1001.450766,,,,
2020-02-14 15:55:50:904466,305.3418261,-36930,956,-131.0982425,996.4141669,,,,
2020-02-14 15:55:51:163221,280.9016609,-31973.00001,911,-106.8786058,939.7524316,,,,
2020-02-14 15:55:51:421936,214.6514087,-18536,956,-41.22614289,996.4141669,,,,
2020-02-14 15:55:51:680464,234.1118348,-22483,974,-60.51097367,1019.078861,,,,
2020-02-14 15:55:51:939874,228.4369043,-21331.99999,923,-54.8872492,954.8622277,,,,
2020-02-14 15:55:52:198403,218.4527739,-19307,926,-44.99320761,958.6396767,,,,
2020-02-14 15:55:52:457145,221.4258261,-19910,963,-47.93943336,1005.228215,,,,
2020-02-14 15:55:52:715390,123.2608696,-7.05E-06,929,49.33976109,962.4171257,,,,
2020-02-14 15:55:53:229629,211.9939043,-17996.99999,956,-38.59261768,996.4141669,,,,
2020-02-14 15:55:53:488445,185.783713,-12680.99999,856,-12.61892618,870.4991995,,,,
2020-02-14 15:55:53:745462,123.2608696,-7.05E-06,776,49.33976109,769.7672256,,,,
2020-02-14 15:55:54:004207,164.5384696,-8372.000007,755,8.434617134,743.3250824,,,,
2020-02-14 15:55:54:262890,173.6548435,-10221,720,-0.599497899,699.2548439,,,,
2020-02-14 15:55:54:521626,175.8981913,-10676,707,-2.822603523,682.8858981,,,,
2020-02-14 15:55:54:781087,177.8605043,-11073.99999,706,-4.76721018,681.6267484,,,,
2020-02-14 15:55:55:039719,176.7511565,-10849,694,-3.667872247,666.5169523,,,,
2020-02-14 15:55:55:298311,176.6969217,-10837.99999,694,-3.614126819,666.5169523,,,,
2020-02-14 15:55:55:555588,123.2608696,-7.05E-06,691,49.33976109,662.7395033,,,,
2020-02-14 15:55:55:814440,177.8605043,-11073.99999,699,-4.76721018,672.8127007,,,,
2020-02-14 15:55:56:073371,174.4585043,-10383.99999,700,-1.395907107,674.0718504,,,,
2020-02-14 15:55:56:333152,175.7256261,-10641,671,-2.651595414,637.5565098,,,,
2020-02-14 15:55:56:592611,177.2491304,-10949.99999,680,-4.161352829,648.8888569,,,,
2020-02-14 15:55:56:851306,177.732313,-11047.99999,696,-4.640175576,669.0352517,,,,
2020-02-14 15:55:57:110266,123.2608696,-7.05E-06,701,49.33976109,675.331,,,,
2020-02-14 15:55:57:624674,-2537.926513,539747,656,2686.514717,618.6692647,,,,
2020-02-14 15:55:57:884718,-3254.496183,685083.0001,659,3396.618636,622.4467137,,,,
2020-02-14 15:55:58:143510,-3853.918722,806659.0001,649,3990.632465,609.855217,,,,
2020-02-14 15:55:58:402184,-4009.404913,838195,640,4144.715673,598.5228699,,,,
2020-02-14 15:55:58:661574,-4278.256591,892723.9999,636,4411.141449,593.4862712,,,,
2020-02-14 15:55:58:920110,-4278.187565,892710,625,4411.073045,579.6356248,,,,
2020-02-14 15:55:59:179603,-3244.694478,683094.9999,657,3386.905373,619.9284144,,,,
2020-02-14 15:55:59:438150,58.60314783,13114,678,113.4140633,646.3705575,,,,
2020-02-14 15:55:59:696827,123.2608696,-7.05E-06,686,49.33976109,656.4437549,,,,
2020-02-14 15:56:01:685020,176.8053913,-10860,690,-3.721617676,661.4803536,,,,
2020-02-14 15:56:01:943623,176.6131043,-10820.99999,687,-3.53106572,657.7029046,,,,
2020-02-14 15:56:02:202438,174.7987043,-10452.99999,695,-1.733037415,667.776102,,,,
2020-02-14 15:56:02:461911,174.4387826,-10380,664,-1.37636336,628.7424621,,,,
2020-02-14 15:56:02:721466,177.2639217,-10952.99999,694,-4.176010664,666.5169523,,,,
2020-02-14 15:56:02:981553,176.6278957,-10824.00001,696,-3.545723654,669.0352517,,,,
2020-02-14 15:56:03:240142,156.1813826,-6676.999998,692,16.71629647,663.998653,,,,
2020-02-14 15:56:03:499662,194.8261304,-14514.99999,696,-21.57975204,669.0352517,,,,
2020-02-14 15:56:03:758340,504.4623652,-77316,690,-328.4220771,661.4803536,,,,
2020-02-14 15:56:04:017093,670.115113,-110914,697,-492.580107,670.2944013,,,,
2020-02-14 15:56:04:275778,1410.025461,-260984,696,-1225.814096,669.0352517,,,,
2020-02-14 15:56:04:534742,2780.839174,-539015,713,-2584.258682,690.4407961,,,,
2020-02-14 15:56:04:793465,3358.622035,-656202,713,-3156.828093,690.4407961,,,,
2020-02-14 15:56:05:052223,4045.066748,-795428,977,-3837.078878,1022.85631,,,,
2020-02-14 15:56:05:310938,468.2680435,-69975,925,-292.554344,957.380527,,,,
2020-02-14 15:56:05:569608,615.2640261,-99789,934,-438.2239524,968.7128741,,,,
2020-02-14 15:56:05:828342,608.4550957,-98408.00001,964,-431.4764604,1006.487364,,,,
2020-02-14 15:56:06:085581,123.2608696,-7.05E-06,919,49.33976109,949.825629,,,,
2020-02-14 15:56:06:599906,268.6643217,-29490.99999,924,-94.75168656,956.1213773,,,,
2020-02-14 15:56:06:858570,350.5391217,-46096.99999,927,-175.8877138,959.8988264,,,,
2020-02-14 15:56:07:115558,123.2608696,-7.05E-06,965,49.33976109,1007.746514,,,,
2020-02-14 15:56:07:374485,288.3071739,-33475,922,-114.2172974,953.603078,,,,
2020-02-14 15:56:07:633196,285.4031478,-32885.99999,931,-111.3394749,964.9354251,,,,
2020-02-14 15:56:07:892068,261.5497043,-28047.99999,963,-87.70126578,1005.228215,,,,
2020-02-14 15:56:08:151580,229.102513,-21466.99999,943,-55.54685198,980.0452212,,,,
2020-02-14 15:56:08:411010,155.6094522,-6561.000005,918,17.28306622,948.5664793,,,,
2020-02-14 15:56:08:669549,124.1483478,-179.9999947,943,48.46029078,980.0452212,,,,
2020-02-14 15:56:08:928357,107.5032,3196,846,64.95524608,857.9077028,,,,
2020-02-14 15:56:09:187041,140.6110696,-3519.000007,761,32.14611541,750.8799805,,,,
2020-02-14 15:56:13:384164,172.0228696,-9890.000007,587,1.017750373,531.7879372,,,,
2020-02-14 15:56:13:642851,174.7494,-10443,592,-1.684177997,538.0836856,,,,
2020-02-14 15:56:13:901502,175.5037565,-10596,587,-2.431727787,531.7879372,,,,
2020-02-14 15:56:14:160074,175.6861826,-10633,578,-2.61250782,520.4555901,,,,
2020-02-14 15:56:14:419414,175.1980696,-10534.00001,581,-2.128799161,524.2330392,,,,
2020-02-14 15:56:14:678098,176.3567217,-10768.99999,570,-3.276996512,510.3823928,,,,
2020-02-14 15:56:14:935405,123.2608696,-7.05E-06,588,49.33976109,533.0470869,,,,
2020-02-14 15:56:15:451099,174.5669739,-10406,591,-1.503397964,536.8245359,,,,
2020-02-14 15:56:15:710439,174.069,-10305,586,-1.009917382,530.5287875,,,,
2020-02-14 15:56:15:971090,175.0304348,-10500,588,-1.962676964,533.0470869,,,,
2020-02-14 15:56:16:229669,172.935,-10075,589,0.113850309,534.3062366,,,,
2020-02-14 15:56:16:488310,175.9721478,-10690.99999,587,-2.895892699,531.7879372,,,,
2020-02-14 15:56:16:747035,175.6812522,-10632.00001,586,-2.607621908,530.5287875,,,,
2020-02-14 15:56:17:006881,175.124113,-10518.99999,588,-2.055509887,533.0470869,,,,
2020-02-14 15:56:17:265598,175.9918696,-10695.00001,585,-2.915436545,529.2696379,,,,
2020-02-14 15:56:17:524430,177.5005826,-11001,585,-4.410536126,529.2696379,,,,
2020-02-14 15:56:17:783202,176.1792261,-10733,588,-3.10110249,533.0470869,,,,
2020-02-14 15:56:18:041984,176.1545739,-10728,590,-3.076672732,535.5653862,,,,
2020-02-14 15:56:18:301458,175.5678522,-10609.00001,588,-2.495245139,533.0470869,,,,
2020-02-14 15:56:18:560057,173.9408087,-10279,590,-0.882882778,535.5653862,,,,
2020-02-14 15:56:18:819428,175.055087,-10505.00001,586,-1.987106722,530.5287875,,,,
2020-02-14 15:56:19:078126,181.1244522,-11736.00001,587,-8.001706825,531.7879372,,,,
2020-02-14 15:56:19:336880,170.1640957,-9513.00001,586,2.859752184,530.5287875,,,,
2020-02-14 15:56:19:595484,173.0040261,-10089,585,0.045447045,529.2696379,,,,
2020-02-14 15:56:19:854326,154.1155304,-6257.999993,583,18.76350807,526.7513385,,,,
2020-02-14 15:56:20:112985,172.7673652,-10041,579,0.279972506,521.7147398,,,,
2020-02-14 15:56:20:372920,219.4881652,-19517,580,-46.01925636,522.9738895,,,,
2020-02-14 15:56:20:631589,384.4112087,-52967,584,-209.4541662,528.0104882,,,,
2020-02-14 15:56:20:890191,494.3697652,-75269,581,-318.4205447,524.2330392,,,,
2020-02-14 15:56:21:149651,593.6588609,-95407.00001,584,-416.813735,528.0104882,,,,
2020-02-14 15:56:21:408389,903.7782783,-158306,584,-724.1348828,528.0104882,,,,
2020-02-14 15:56:21:667126,1529.332122,-285182.0001,584,-1344.044229,528.0104882,,,,
2020-02-14 15:56:21:925516,123.2608696,-7.05E-06,586,49.33976109,530.5287875,,,,
2020-02-14 15:56:22:184241,3007.155991,-584916.9999,591,-2808.533397,536.8245359,,,,
2020-02-14 15:56:22:442964,3463.778348,-677530,598,-3261.035559,545.6385836,,,,
2020-02-14 15:56:22:702198,3682.595974,-721911,599,-3477.87875,546.8977333,,,,
2020-02-14 15:56:22:961603,3851.631,-756195,607,-3645.388539,556.9709307,,,,
2020-02-14 15:56:23:221881,4240.37113,-835039.9999,601,-4030.620989,549.4160326,,,,
2020-02-14 15:56:23:480433,4355.339009,-858358.0001,604,-4144.55149,553.1934817,,,,
2020-02-14 15:56:23:739909,4718.357061,-931986,609,-4504.293958,559.48923,,,,
2020-02-14 15:56:23:998440,4866.837104,-962100.9999,606,-4651.434235,555.711781,,,,
2020-02-14 15:56:24:255596,123.2608696,-7.05E-06,621,49.33976109,574.5990261,,,,
2020-02-14 15:56:24:514403,5251.110261,-1040040,622,-5032.240019,575.8581758,,,,
2020-02-14 15:56:24:773194,5629.195722,-1116724,622,-5406.913939,575.8581758,,,,
2020-02-14 15:56:25:031866,5891.746304,-1169975,618,-5667.095475,570.8215771,,,,
2020-02-14 15:56:25:295452,6048.583435,-1201785,617,-5822.517433,569.5624274,,,,
2020-02-14 15:56:25:554357,6260.010339,-1244667,630,-6032.036589,585.9313732,,,,
2020-02-14 15:56:25:813156,6470.081374,-1287274,633,-6240.212111,589.7088222,,,,
2020-02-14 15:56:26:072244,6977.827409,-1390256,640,-6743.376652,598.5228699,,,,
2020-02-14 15:56:26:331578,7181.981922,-1431663,650,-6945.689038,611.1143667,,,,
2020-02-14 15:56:26:589932,7237.355635,-1442894,655,-7000.563103,617.410115,,,,
2020-02-14 15:56:26:848888,7605.644322,-1517591,666,-7365.528648,631.2607615,,,,
2020-02-14 15:56:27:107670,7877.77967,-1572786,686,-7635.208464,656.4437549,,,,
2020-02-14 15:56:27:366326,7873.500052,-1571918,706,-7630.967462,681.6267484,,,,
2020-02-14 15:56:27:625992,7805.706574,-1558168,706,-7563.785698,681.6267484,,,,
2020-02-14 15:56:27:885408,7680.330548,-1532739,714,-7439.540965,691.6999458,,,,
2020-02-14 15:56:28:145181,7829.150791,-1562923,935,-7587.018373,969.9720238,,,,
2020-02-14 15:56:28:403829,256.2100435,-26965,932,-82.4097858,966.1945747,,,,
2020-02-14 15:56:28:662645,300.8008957,-36009.00001,965,-126.5982858,1007.746514,,,,
2020-02-14 15:56:28:922171,286.4188174,-33092,924,-112.3459799,956.1213773,,,,
2020-02-14 15:56:29:181622,221.9533826,-20017,933,-48.46222961,967.4537244,,,,
2020-02-14 15:56:29:440142,136.2377739,-2631.999997,968,36.47994999,1011.523963,,,,
2020-02-14 15:56:29:699459,102.4840174,4213.999998,924,69.92913959,956.1213773,,,,
2020-02-14 15:56:29:958161,112.5075913,2181.000001,941,59.9960104,977.5269218,,,,
2020-02-14 15:56:30:215447,123.2608696,-7.05E-06,952,49.33976109,991.3775682,,,,
2020-02-14 15:56:30:474094,177.8999478,-11081.99999,926,-4.806297774,958.6396767,,,,
2020-02-14 15:56:30:732783,182.6578174,-12047,958,-9.521236164,998.9324663,,,,
2020-02-14 15:56:30:991571,303.8479043,-36626.99999,926,-129.6178007,958.6396767,,,,
2020-02-14 15:56:31:251013,207.216313,-17027.99999,928,-33.85813554,961.157976,,,,
2020-02-14 15:56:31:509593,173.3195739,-10153,963,-0.267253504,1005.228215,,,,
2020-02-14 15:56:31:768240,170.3070783,-9542.000008,924,2.718059745,956.1213773,,,,
2020-02-14 15:56:32:027562,171.5495478,-9793.999995,926,1.486801296,958.6396767,,,,
2020-02-14 15:56:32:285554,123.2608696,-7.05E-06,961,49.33976109,1002.709915,,,,
2020-02-14 15:56:32:544362,168.1820609,-9111.000006,921,4.823902688,952.3439283,,,,
2020-02-14 15:56:32:803971,174.5324609,-10399.00001,931,-1.469196382,964.9354251,,,,
2020-02-14 15:56:33:062685,174.5620435,-10405,938,-1.498512052,973.7494728,,,,
2020-02-14 15:56:33:321378,173.5217217,-10193.99999,816,-0.467577284,820.1332126,,,,
2020-02-14 15:56:33:579977,177.209687,-10942.00001,711,-4.122265335,687.9224968,,,,
2020-02-14 15:56:33:838585,174.3451043,-10360.99999,655,-1.283530338,617.410115,,,,
2020-02-14 15:56:34:097433,175.4988261,-10595,619,-2.426841875,572.0807268,,,,
2020-02-14 15:56:34:356508,123.2608696,-7.05E-06,587,49.33976109,531.7879372,,,,
2020-02-14 15:56:34:614876,172.7476435,-10037,563,0.299516253,501.568345,,,,
2020-02-14 15:56:34:874435,177.0814957,-10916.00001,549,-3.995230731,483.9402496,,,,
2020-02-14 15:56:35:132953,173.6006087,-10210,540,-0.545752471,472.6079025,,,,
2020-02-14 15:56:35:391609,174.8825217,-10469.99999,528,-1.816098513,457.4981064,,,,
2020-02-14 15:56:35:649874,176.2433217,-10745.99999,523,-3.164619743,451.2023581,,,,
2020-02-14 15:56:35:908417,177.6879391,-11038.99999,517,-4.596202071,443.64746,,,,
2020-02-14 15:56:36:165452,123.2608696,-7.05E-06,516,49.33976109,442.3883104,,,,
2020-02-14 15:56:36:679684,176.0658261,-10710,512,-2.988725721,437.3517117,,,,
2020-02-14 15:56:36:938363,178.8564522,-11276.00001,507,-5.754171443,431.0559633,,,,
2020-02-14 15:56:37:197010,172.5800087,-10003,504,0.465638451,427.2785143,,,,
2020-02-14 15:56:38:895133,177.8555739,-11073,507,-4.762324268,431.0559633,,,,
2020-02-14 15:56:39:154898,178.8515217,-11274.99999,501,-5.749285432,423.5010652,,,,
2020-02-14 15:56:39:413644,171.0614348,-9695.000004,506,1.970509955,429.7968136,,,,
2020-02-14 15:56:39:672540,176.2334609,-10744.00001,505,-3.154847919,428.5376639,,,,
2020-02-14 15:56:39:931991,177.3082957,-10962.00001,507,-4.219984269,431.0559633,,,,
2020-02-14 15:56:40:190592,175.2670957,-10548.00001,488,-2.197202425,407.1321195,,,,
2020-02-14 15:56:40:449915,177.0026087,-10900,507,-3.917055544,431.0559633,,,,
2020-02-14 15:56:40:708542,176.4701217,-10791.99999,505,-3.389373281,428.5376639,,,,
2020-02-14 15:56:40:967211,175.8291652,-10662,505,-2.75420026,428.5376639,,,,
2020-02-14 15:56:41:225938,175.8242348,-10661,504,-2.749314348,427.2785143,,,,
2020-02-14 15:56:41:484731,177.5252348,-11006,500,-4.434965884,422.2419156,,,,
2020-02-14 15:56:41:743496,178.412713,-11185.99999,510,-5.314436191,434.8334123,,,,
2020-02-14 15:56:42:002173,175.962287,-10689.00001,502,-2.886120875,424.7602149,,,,
2020-02-14 15:56:42:261657,174.1133739,-10314,505,-1.053890888,428.5376639,,,,
2020-02-14 15:56:42:520213,176.9138609,-10882.00001,504,-3.829108533,427.2785143,,,,
2020-02-14 15:56:42:779626,175.9228435,-10681,503,-2.847033281,426.0193646,,,,
2020-02-14 15:56:43:038392,177.3033652,-10961,486,-4.215098258,404.6138201,,,,
2020-02-14 15:56:43:297067,173.6252609,-10215.00001,508,-0.570182229,432.315113,,,,
2020-02-14 15:56:43:556011,176.2778348,-10753,500,-3.198821424,422.2419156,,,,
2020-02-14 15:56:43:815238,178.5852783,-11221.00001,499,-5.485444399,420.9827659,,,,
2020-02-14 15:56:44:269330,177.0568435,-10911,501,-3.970800973,423.5010652,,,,
2020-02-14 15:56:44:528892,175.9425652,-10685,509,-2.866577029,433.5742626,,,,
2020-02-14 15:56:44:787541,173.4329739,-10176,500,-0.379630273,422.2419156,,,,
2020-02-14 15:56:45:045627,123.2608696,-7.05E-06,499,49.33976109,420.9827659,,,,
2020-02-14 15:56:45:304434,175.5678522,-10609.00001,503,-2.495245139,426.0193646,,,,
2020-02-14 15:56:45:563224,174.0739304,-10305.99999,504,-1.014803295,427.2785143,,,,
2020-02-14 15:56:45:821914,284.8114957,-32766.00001,504,-110.7531614,427.2785143,,,,
2020-02-14 15:56:46:080588,292.5818609,-34342.00001,486,-118.453413,404.6138201,,,,
2020-02-14 15:56:46:339996,394.9179652,-55098,503,-219.8661182,426.0193646,,,,
2020-02-14 15:56:46:599469,438.1726696,-63871.00001,499,-262.7305267,420.9827659,,,,
2020-02-14 15:56:46:858205,817.5942783,-140826,504,-638.7285383,427.2785143,,,,
2020-02-14 15:56:47:117036,1914.857609,-363375.0001,505,-1726.091042,428.5376639,,,,
2020-02-14 15:56:49:091257,3209.624296,-625982.0001,533,-3009.17479,463.7938548,,,,
2020-02-14 15:56:49:349897,6353.974565,-1263725,538,-6125.152957,470.0896032,,,,
2020-02-14 15:56:49:608521,6231.89207,-1238964,535,-6004.172037,466.3121542,,,,
2020-02-14 15:56:49:865589,123.2608696,-7.05E-06,541,49.33976109,473.8670522,,,,
2020-02-14 15:56:50:124281,7320.921574,-1459843,543,-7083.37501,476.3853516,,,,
2020-02-14 15:56:50:383145,7479.050478,-1491915,525,-7240.077085,453.7206574,,,,
2020-02-14 15:56:50:641836,7771.967609,-1551325,528,-7530.351166,457.4981064,,,,
2020-02-14 15:56:50:900463,8168.157626,-1631681,555,-7922.966282,491.4951476,,,,
2020-02-14 15:56:51:159823,8658.267496,-1731086,571,-8408.653792,511.6415424,,,,
2020-02-14 15:56:51:418474,8898.428974,-1779796,961,-8646.648245,1002.709915,,,,
2020-02-14 15:56:51:675396,123.2608696,-7.05E-06,926,49.33976109,958.6396767,,,,
2020-02-14 15:56:51:935050,551.2374,-86803,962,-374.7750514,1003.969065,,,,
2020-02-14 15:56:52:193757,503.1755217,-77054.99999,937,-327.1468451,972.4903231,,,,
2020-02-14 15:56:52:452546,440.3420609,-64311.00001,928,-264.8803432,961.157976,,,,
2020-02-14 15:56:52:711944,370.8673043,-50219.99999,958,-196.0324712,998.9324663,,,,
2020-02-14 15:56:52:970578,322.5835565,-40427,957,-148.1843973,997.6733166,,,,
2020-02-14 15:56:53:229889,181.7111739,-11855,915,-8.583134418,944.7890303,,,,
2020-02-14 15:56:53:489730,162.7733739,-8013.999997,947,10.18378602,985.0818198,,,,
2020-02-14 15:56:53:748393,167.3044435,-8933.000004,963,5.69360117,1005.228215,,,,
2020-02-14 15:56:54:009619,167.1762522,-8907.000005,922,5.820635774,953.603078,,,,
2020-02-14 15:56:54:269188,168.8378087,-9244.000001,918,4.174071831,948.5664793,,,,
2020-02-14 15:56:54:527841,159.3812348,-7326.000004,950,13.54531717,988.8592689,,,,
2020-02-14 15:56:54:786535,-89.66981739,43187,967,260.3491319,1010.264813,,,,
2020-02-14 15:56:55:045277,-455.9814,117483,898,623.3554117,923.3834858,,,,
2020-02-14 15:56:55:304436,-616.8417652,150109,794,782.7643017,792.4319197,,,,
2020-02-14 15:56:55:569152,-690.7144696,165092,683,855.9704379,652.6663059,,,,
2020-02-14 15:56:55:826649,123.2608696,-7.05E-06,652,49.33976109,613.632666,,,,
2020-02-14 15:56:56:085336,-313.3488522,88554.00001,584,482.009866,528.0104882,,,,
2020-02-14 15:56:56:343955,-172.6786174,60023,558,342.6089269,495.2725967,,,,
2020-02-14 15:56:56:602735,-56.30556522,36420,550,227.285932,485.1993993,,,,
2020-02-14 15:56:56:862130,99.06229565,4908,554,73.31998646,490.235998,,,,
2020-02-14 15:56:57:121505,178.3634087,-11176,538,-5.265576773,470.0896032,,,,
2020-02-14 15:56:57:380047,180.1778087,-11544,536,-7.063605079,467.5713038,,,,
2020-02-14 15:56:57:639459,180.9469565,-11700,525,-7.825812704,453.7206574,,,,
2020-02-14 15:56:57:898150,176.5095652,-10800,531,-3.428460874,461.2755555,,,,
2020-02-14 15:56:58:155628,123.2608696,-7.05E-06,525,49.33976109,453.7206574,,,,
2020-02-14 15:56:58:414438,175.7798609,-10652.00001,526,-2.705340842,454.9798071,,,,
2020-02-14 15:56:58:673282,175.3854261,-10572,516,-2.314465106,442.3883104,,,,
2020-02-14 15:56:58:932166,177.0716348,-10914,516,-3.985458808,442.3883104,,,,
2020-02-14 15:56:59:191668,177.4463478,-10989.99999,517,-4.356790697,443.64746,,,,
2020-02-14 15:56:59:450991,177.6386348,-11029,521,-4.547342653,448.6840587,,,,
2020-02-14 15:56:59:709578,176.6032435,-10819,500,-3.521293896,422.2419156,,,,
2020-02-14 15:56:59:968221,175.5382696,-10603.00001,504,-2.465929469,427.2785143,,,,
2020-02-14 15:57:00:225640,123.2608696,-7.05E-06,503,49.33976109,426.0193646,,,,
2020-02-14 15:57:00:484309,177.0321913,-10906,521,-3.946371214,448.6840587,,,,
2020-02-14 15:57:00:742999,176.2038783,-10738.00001,512,-3.125532248,437.3517117,,,,
2020-02-14 15:57:01:001669,175.9327043,-10682.99999,518,-2.856805106,444.9066097,,,,
2020-02-14 15:57:01:261600,176.4306783,-10784.00001,510,-3.350285786,434.8334123,,,,
2020-02-14 15:57:01:521671,176.4701217,-10791.99999,520,-3.389373281,447.4249091,,,,
2020-02-14 15:57:01:781261,177.209687,-10942.00001,511,-4.122265335,436.092562,,,,
2020-02-14 15:57:02:039824,178.0133478,-11104.99999,517,-4.918674543,443.64746,,,,
2020-02-14 15:57:02:299251,177.051913,-10909.99999,514,-3.965914961,439.870011,,,,
2020-02-14 15:57:02:557944,176.0411739,-10705,518,-2.964295963,444.9066097,,,,
2020-02-14 15:57:02:816850,175.124113,-10518.99999,522,-2.055509887,449.9432084,,,,
2020-02-14 15:57:03:075530,179.8967739,-11487,584,-6.785106112,528.0104882,,,,
2020-02-14 15:57:03:334300,177.9640435,-11095,633,-4.869815125,589.7088222,,,,
2020-02-14 15:57:03:593057,178.2549391,-11153.99999,676,-5.158085916,643.8522582,,,,
2020-02-14 15:57:03:851693,177.6928696,-11040.00001,711,-4.601088082,687.9224968,,,,
2020-02-14 15:57:04:111745,123.2608696,-7.05E-06,742,49.33976109,726.9561367,,,,
2020-02-14 15:57:04:370285,179.6847652,-11444,770,-6.575010409,762.2123276,,,,
2020-02-14 15:57:04:629842,173.9506696,-10281.00001,796,-0.892654701,794.9502191,,,,
2020-02-14 15:57:04:889256,176.2975565,-10757,818,-3.218365171,822.6515119,,,,
2020-02-14 15:57:05:147944,176.8645565,-10872,838,-3.780249017,847.8345054,,,,
2020-02-14 15:57:05:405558,123.2608696,-7.05E-06,858,49.33976109,873.0174989,,,,
2020-02-14 15:57:05:664369,178.6937478,-11242.99999,887,-5.592935157,909.5328394,,,,
2020-02-14 15:57:05:923107,178.2253565,-11148,948,-5.128770246,986.3409695,,,,
2020-02-14 15:57:06:181841,348.8184,-45748,949,-174.1825186,987.6001192,,,,
2020-02-14 15:57:06:440389,378.6573913,-51800,948,-203.7522667,986.3409695,,,,
2020-02-14 15:57:06:699841,379.2983478,-51929.99999,948,-204.3874397,986.3409695,,,,
2020-02-14 15:57:06:958391,353.955913,-46789.99999,947,-179.2736748,985.0818198,,,,
2020-02-14 15:57:07:217140,352.7972609,-46555.00001,948,-178.1254774,986.3409695,,,,
2020-02-14 15:57:07:475603,123.2608696,-7.05E-06,948,49.33976109,986.3409695,,,,
2020-02-14 15:57:07:990211,345.2389043,-45021.99999,948,-170.6353214,986.3409695,,,,
2020-02-14 15:57:08:249649,347.8076609,-45543.00001,948,-173.1808996,986.3409695,,,,
2020-02-14 15:57:08:508328,345.6727826,-45110,949,-171.0652847,987.6001192,,,,
2020-02-14 15:57:08:765645,123.2608696,-7.05E-06,947,49.33976109,985.0818198,,,,
